{
	"info": {
		"_postman_id": "37b068c5-c5c0-4534-baa9-5c8c203abbff",
		"name": "mobile app",
		"schema": "https://schema.getpostman.com/json/collection/v2.1.0/collection.json"
	},
	"item": [
		{
			"name": "NOTE",
			"item": [
				{
					"name": "note",
					"request": {
						"method": "GET",
						"header": [],
						"url": {
							"raw": "localhost:8080/note/all",
							"host": [
								"localhost"
							],
							"port": "8080",
							"path": [
								"note",
								"all"
							]
						}
					},
					"response": []
				},
				{
					"name": "Note by id",
					"request": {
						"method": "GET",
						"header": [],
						"url": {
							"raw": "localhost:8080/note/all/2",
							"host": [
								"localhost"
							],
							"port": "8080",
							"path": [
								"note",
								"all",
								"2"
							]
						}
					},
					"response": []
				},
				{
					"name": "addNote",
					"request": {
						"method": "POST",
						"header": [],
						"body": {
							"mode": "raw",
							"raw": "{\"title\":\"prova\",\r\n\"content\":\"amfaàmfaàmfa\",\r\n \"idUser\" : \"idUser\",\r\n  \"color\" : \"danger\"\r\n}",
							"options": {
								"raw": {
									"language": "json"
								}
							}
						},
						"url": {
							"raw": "localhost:8080/note/addnota",
							"host": [
								"localhost"
							],
							"port": "8080",
							"path": [
								"note",
								"addnota"
							]
						}
					},
					"response": []
				},
				{
					"name": "add",
					"request": {
						"method": "POST",
						"header": [],
						"body": {
							"mode": "raw",
							"raw": "{\"title\":\"safadfa\",\r\n\"content\":\"amfaàmfaàmfa\",\r\n \"idUser\" : \"idUser\",\r\n  \"color\" : \"danger\"\r\n}",
							"options": {
								"raw": {
									"language": "json"
								}
							}
						},
						"url": {
							"raw": ""
						}
					},
					"response": []
				},
				{
					"name": "delete nota",
					"request": {
						"method": "DELETE",
						"header": [],
						"url": {
							"raw": "localhost:8080/note?id=1",
							"host": [
								"localhost"
							],
							"port": "8080",
							"path": [
								"note"
							],
							"query": [
								{
									"key": "id",
									"value": "1"
								}
							]
						}
					},
					"response": []
				},
				{
					"name": "notaBy_IdUser_and_Id",
					"request": {
						"method": "GET",
						"header": [],
						"url": {
							"raw": "localhost:8080/note/user/{{user}}/{{id}}",
							"host": [
								"localhost"
							],
							"port": "8080",
							"path": [
								"note",
								"user",
								"{{user}}",
								"{{id}}"
							]
						}
					},
					"response": []
				},
				{
					"name": "GET note byUser",
					"request": {
						"method": "GET",
						"header": [],
						"url": {
							"raw": "localhost:8080/note/user/lor",
							"host": [
								"localhost"
							],
							"port": "8080",
							"path": [
								"note",
								"user",
								"lor"
							]
						}
					},
					"response": []
				},
				{
					"name": "updateNota",
					"request": {
						"method": "PUT",
						"header": [],
						"body": {
							"mode": "raw",
							"raw": "  {\"title\" : \"rey\",\"content\" : \"conteoinpsdfonnpsdfipomnsdfnosdfbnsdfpoibndfnbpsoidfnbsoidfnbpsdnfpboinsfdpobnsdfpnt\",\"idUser\" : \"lor\",\"color\" : \"danger\"}\r\n     ",
							"options": {
								"raw": {
									"language": "json"
								}
							}
						},
						"url": {
							"raw": "localhost:8080/note/all/2",
							"host": [
								"localhost"
							],
							"port": "8080",
							"path": [
								"note",
								"all",
								"2"
							]
						}
					},
					"response": []
				}
			]
		},
		{
			"name": "USER",
			"item": [
				{
					"name": "LoginUser",
					"protocolProfileBehavior": {
						"disabledSystemHeaders": {}
					},
					"request": {
						"method": "POST",
						"header": [],
						"body": {
							"mode": "raw",
							"raw": "{    \"username\":\"eeeeeeee\",\r\n    \"password\":\"er\"\r\n}",
							"options": {
								"raw": {
									"language": "json"
								}
							}
						},
						"url": {
							"raw": "localhost:8080/user/loginUser",
							"host": [
								"localhost"
							],
							"port": "8080",
							"path": [
								"user",
								"loginUser"
							]
						}
					},
					"response": []
				},
				{
					"name": "save/register",
					"request": {
						"method": "POST",
						"header": [],
						"body": {
							"mode": "raw",
							"raw": "   {\r\n    \"username\":\"eeeeeeee\",\r\n    \"password\":\"er\",\r\n   \r\n   \"email\": \"al@e.com\",\r\n    \"roles\": [\"Admin\",\"Manager\"]}",
							"options": {
								"raw": {
									"language": "json"
								}
							}
						},
						"url": {
							"raw": "http://localhost:8080/user/saveUser",
							"protocol": "http",
							"host": [
								"localhost"
							],
							"port": "8080",
							"path": [
								"user",
								"saveUser"
							]
						}
					},
					"response": []
				},
				{
					"name": "get data",
					"request": {
						"method": "POST",
						"header": [
							{
								"key": "au",
								"value": "",
								"type": "text"
							},
							{
								"key": "Authorization",
								"value": "eyJhbGciOiJIUzUxMiJ9.eyJqdGkiOiI2MzM1Iiwic3ViIjoiZWVlZWVlZWUiLCJpc3MiOiJBQkNfTHRkIiwiYXVkIjoiWFlaX0x0ZCIsImlhdCI6MTYxMjc3MTMxNSwiZXhwIjoxNjEyNzc0OTE1fQ.gaYejUAeECInhtMsz-K2_6qevvNLMkqHySSl8DzjK_VFe10tk-uK8PbgxEy6MCe2q1KaV3jfnOxuB-Gp089IuA",
								"type": "text"
							}
						],
						"url": {
							"raw": "http://localhost:8080/user/getData",
							"protocol": "http",
							"host": [
								"localhost"
							],
							"port": "8080",
							"path": [
								"user",
								"getData"
							]
						}
					},
					"response": []
				},
				{
					"name": "all",
					"request": {
						"method": "GET",
						"header": [],
						"url": {
							"raw": ""
						}
					},
					"response": []
				}
			]
		}
	]
}